company_name,business_type,locations_count,cities_present,headquarters_or_main_city,website,linkedin,instagram,decision_makers,emails,phone_numbers,expansion_signals,why_they_fit,estimated_positioning,lead_score,priority_level,notes
Gold's Gym España,Premium gym chain (franchise model),2 (Terrassa + Sant Cugat del Vallès),Terrassa; Sant Cugat del Vallès,Barcelona,https://www.goldsgym.es,https://www.linkedin.com/company/golds-gym,@goldsgymespana,RSG Group International Expansion Team (Franchise Development); Jordi Bonich (CEO TRIB3 Spain / Expansion Advisor),info@goldsgym.es,,Opened flagship in Terrassa (€3M investment) in 2025; Sant Cugat opening February 2026 (€4M investment); Targeting 3-4 new clubs in 2026; 50 clubs in 5 years target; Actively selling provincial franchise territories; Record-breaking pre-sales in Terrassa and Sant Cugat,"Already invested €3M in Terrassa, proving belief in the market. Masterfranchise model actively seeking new investors by province. 500m² fits their boutique-premium format. Corporate wellness angle aligns with nearby office workers.",Premium / Boutique / Franchise,95,High,RSG Group-backed global brand. Expansion through provincial masterfranchises. Terrassa club was one of most successful launches in Spain. Actively recruiting franchisees.
Fitness Park Spain,Premium accessible fitness chain (franchise),"89+ clubs in Spain, 400+ globally",Terrassa (Club #400 globally); Barcelona; Madrid; Sabadell; Rubí; Viladecans; 50+ municipalities,Barcelona / Madrid,https://www.fitnesspark.es,https://www.linkedin.com/company/fitness-park-spain,@fitnessparkspain,Édouard Téxte (Masterfranchise Co-Owner Spain); Stéphane Miras (Masterfranchise Co-Owner Spain); Pedro Gomes (Director General Growth & Development),,,Opened club #400 globally IN TERRASSA (December 2025); Grew from 47 to 89 clubs in Spain in 2025 (+68%); €24M invested in H1 2025 alone; €280M financing from Carlyle for expansion; Targeting 80 new clubs in 2026; Masterfranchise model in Spain,"Literally opened their milestone #400 club in Terrassa, validating the market massively. Aggressive expansion with masterfranchise seeking multi-unit operators. €2M+ per club investment. Smart-price positioning perfect for 500m² near offices.",Smart-price / Premium accessible,93,High,Opened Club #400 in Terrassa in December 2025. Masterfranchise model. Looking for multi-unit franchisees. Average club generates €1M/year revenue. Terrassa is proven territory for them.
Synergym (VivaGym Group),Low-cost gym chain,166 (pre-VivaGym acquisition),Terrassa; Sabadell; Vic; Montcada i Reixac; Lleida; Barcelona; 40+ cities,Barcelona / Málaga,https://www.synergym.es,https://www.linkedin.com/company/synergym,@synergym,Jordi Bella (CEO); Sergey Miteyko (Co-founder),,,"€7M investment planned in Catalonia for 2025; Targeting medium cities (40,000-50,000+ inhabitants); Named Terrassa and Sabadell as target cities; Growing from 100 to 160 to 200 clubs; Break-even expected current fiscal year","Explicitly named Terrassa and Sabadell as expansion targets. €7M Catalonia investment planned. Targets cities of 40,000-50,000+ with 'infraoferta'. 500m² fits their format perfectly. NOTE: May 2026 acquisition by VivaGym - integration in progress.",Low-cost / Accessible,88,High,CRITICAL: VivaGym agreed to acquire Synergym in May 2026. Terrassa still strategic but integration timeline uncertain. Contact via VivaGym Group.
VivaGym Group,Low-cost gym chain (consolidating market),260+ centers Spain & Portugal,Terrassa (Altafit integration); Barcelona; L'Hospitalet; Madrid; 30+ provinces,Málaga,https://www.vivagym.es,https://www.linkedin.com/company/vivagym,@vivagym,Juan del Río Nieto (CEO); Río Nieto (Consejero Delegado),,,"Acquired Altafit (70 clubs), Smartfit, Macrofit, FitUp, others; 550,000+ members; Targeting 30 organic openings per year; €190M+ revenue in 2024; Terrassa Plaça location integrated from Altafit",Already has Terrassa presence (ex-Altafit). Aggressive acquirer and expander. 500m² in office zone could complement their network or serve as upgraded location. Corporate wellness partnerships possible with scale.,Low-cost / Mass market,82,High,Integration of acquired chains ongoing. Terrassa already served. Better as acquirer than new entrant but worth monitoring for partnerships.
Zenergie Body & Soul,Longevity-focused wellness gym (franchise),1 opening (Barcelona),Barcelona (opening autumn 2025),Barcelona,https://www.zenergie.es,,,Rod Hill (Co-founder & CEO); George Houtenbos (Co-founder),,,"Launching first center Barcelona autumn 2025; Franchise model from day one; Targeting cities 50,000+ inhabitants; €500K+ investment per center; 500-600m² format (exact match)","PERFECT FIT: 500-600m² is their exact target format. Cities 50,000+ inhabitants. First club in Barcelona shows Catalan focus. Premium longevity concept ideal for corporate wellness partnerships. €500K+ investment signals serious operator.",Premium wellness / Longevity / Boutique,91,High,Founded by ex-Anytime Fitness Iberia CEO and ex-Basic-Fit Spain co-founder. First club Barcelona autumn 2025. Seeking franchisees. Exact 500m² format match.
Aurial Padel / Grup Aurial,Padel + Fitness + Gastronomy hybrid club,6+ clubs in Catalonia + 1 Bratislava,Sant Cugat; Terrassa; Cornellà; Vic; Viladecavalls; Bratislava,Sant Cugat del Vallès,https://www.aurialpadel.com,,@aurialpadel,Jon Grau (Co-founder & CEO); Marta Marrero (Co-founder); Albert Villon (Director of Operations); Daniel Osés (Co-founder & Board Member),,,Acquired Vilapadel in Viladecavalls (near Terrassa) in 2025; Hired club manager for Aurial Terrassa; Plan for 10 clubs by 2025 (in progress); International expansion to Bratislava; Integrating gym + padel + restaurant concept,Already operating in Terrassa and expanding throughout Vallès. Padel + gym hybrid concept. 500m² fitness space fits their integrated model. Corporate clientele from nearby offices aligns with their premium positioning. Strong Vallès expansion trajectory.,Premium / Padel+Fitness+Gastro hybrid,87,High,Grup Aurial has explicit Terrassa presence. Growing through acquisitions in Vallès. Padel+gym+restaurant concept creates ecosystem approach ideal for office environment.
Anytime Fitness Iberia,24/7 gym franchise,"50+ clubs, 60+ planned for 2026",Sabadell; Manresa; Premià de Mar; Vilafranca del Penedès; Sant Joan Despí; Lleida; Vic; Girona; 25+ more,Barcelona,https://www.anytimefitness.es,https://www.linkedin.com/company/anytime-fitness-iberia,@anytimefitnesses,Tim Devereaux (General Manager Iberia); Alexis Sekulits (Expansion Director); Enrique Iranzo (Operations Director),franquicia@anytimefitness.es,,"12 planned openings in 2026; Catalonia is historical priority region; Targeting 60+ clubs and 60,000+ members in 2026; First corporate club in Madrid planned; Multi-franchisee model proven in Catalonia","Strong Catalonia presence, franchise model, 24/7 concept ideal for office workers. Multi-franchisee approach with proven operators in Barcelona metro. 500m² fits their format. Corporate wellness angle aligns with 24/7 access for shift workers.",Mid-market / 24-7 / Franchise,85,High,Active franchise recruitment. Catalan market is priority. Multi-franchisee model. 24/7 concept perfect for corporate clients.
Wellness Revolution (DiR Franchises),"Wellness franchise holding (YogaOne, Glow Pilates, OneBarre, Jambox, OneDiR)",90+ centers total,Barcelona; Madrid; Valencia; 30+ cities across Spain,Barcelona,https://www.wellnessrevolution.es,,@yogaonebydir,Silvia Canela (Expansion & Franchise Director); Gerard Figueras (Deputy General Manager DiR),expansion@dir.cat; laia.mora@wellnessrevolution.es,+34 681 820 034,"Glow Pilates expanding to Madrid (2+ locations); OneBarre growing nationally; YogaOne at 65+ centers, expanding to Italy; Jambox boutique boxing expanding; Actively seeking franchisees across all brands","Multiple boutique concepts (yoga, pilates, barre, boxing) that can fit in 500m² or complement it. Strong franchise infrastructure. Corporate wellness is natural fit for YogaOne and Glow Pilates. Barcelona-based with deep Catalonia knowledge.",Premium boutique wellness / Franchise,86,High,"Multiple brands allow flexible approaches - could operate YogaOne, Glow Pilates, or OneDiR in the space. Strong franchise support system. 40+ years of DiR experience backing."
Brooklyn Fitboxing,Fitboxing boutique franchise,192+ clubs in Spain,Barcelona; Madrid; Valencia; Málaga; 50+ cities,Madrid,https://www.brooklynfitboxing.com,https://www.linkedin.com/company/brooklyn-fitboxing,@brooklynfitboxing,Gabriele Aluigi (Chief Expansion Officer); Mario Gutierrez (CEO Spain),,,200+ clubs in Spain (largest market globally); 50 new franchisees planned for 2026; €50M+ revenue in 2025; Investment €50K-200K per club; Franchise model actively seeking franchisees,Franchise model allows local entrepreneurs. Compact format fits 500m². High-energy concept ideal for stress relief near offices. Strong brand recognition. Corporate group classes could be a revenue stream.,Boutique / Franchise / Mid-market,84,High,Franchise-driven. Looking for franchisees. 200+ Spain clubs prove model works. Compact studios. High brand awareness.
DiR (Clubs DiR),Premium gym chain + multiboutique concept,20+ own clubs + 66+ YogaOne franchisees,Barcelona; Sant Cugat del Vallès; Sabadell; Badalona; Sant Just Desvern,Barcelona,https://www.dir.cat,https://www.linkedin.com/company/clubs-dir,@clubsdir,Gerard Figueras (Subdirector General); Albert Soler (Consejero Delegado (DiR Group)),,,"Converting 5 major clubs to multiboutique format; DiR Tuset (5,000m²) first to transform; Maragall, Diagonal, Sant Cugat, Castillejos to follow; Timeline through 2030; Investing in recovery zones, cycling, Hyrox",BDiR (proximity) concept in Sabadell shows interest in Vallès. Sant Cugat multiboutique conversion proves they're investing in area. 500m² could be BDiR or specialized boutique concept. Strong corporate brand.,Premium / Multiboutique / Local leader,83,High,Catalan market leader. BDiR Sabadell active. Sant Cugat being renovated. Multiboutique strategy creates opportunity for specialized concepts.
Énergie Fitness Iberia,Gym franchise (UK brand),"15+ clubs, targeting 75",Barcelona; Sant Cugat; Badalona; Madrid; Zaragoza,Barcelona,https://energiefitnessiberia.com,,@energiefitnessiberia,Rod Hill (CEO & Co-founder); George Houtenbos (Co-founder); Juan Francisco Ramírez (Expansion Director),,,"15 clubs active, targeting 75 in coming years; €15M revenue target; €600K-800K per club investment; Expanding to Rubí, Cerdanyola identified as interesting; Mollet del Vallès upcoming","Named Rubí and Cerdanyola as target locations - both in Vallès Occidental. Masterfranchise actively seeking franchisees. 900-1,500m² format includes 500m² proximity model. Barcelona-based expansion team.",Mid-market / Franchise,80,High,Expansion director explicitly mentioned Rubí and Cerdanyola as targets. Terrassa adjacent. Strong franchisee support system.
Metropolitan,Premium wellness club chain,23 clubs (21 Spain + 2 France),Barcelona (6 clubs); Madrid; Bilbao; Zaragoza; Badalona; Sant Just Desvern; Nice (France),L'Hospitalet de Llobregat (Barcelona),https://www.metropolitan.es,https://www.linkedin.com/company/metropolitan,@metropolitan,Albert Soler (CEO); José Antonio Castro (President); Rafael Cagigos (Director General Operaciones),,,€86.5M revenue in 2024 (+23.6%); €98M target for 2025; 21M investment plan: 12M new clubs + 9M renovations; Recently reopened Galileo club in Barcelona; 2 new clubs in 2024 (Madrid + Ourense),"Premium positioning with €125/month fees in Barcelona. 83,000+ members. Corporate wellness focus with comprehensive health assessments. 500m² premium boutique could work in office-adjacent location. Strong Barcelona base.",Premium / Luxury wellness,78,High,Premium club with strong Barcelona presence. Corporate wellness focus. Investment capacity high. 500m² could be satellite boutique concept.
Planet Fitness España,Low-cost gym chain (US brand),11 clubs (18 planned by end 2026),Madrid; Barcelona; Valencia; Sevilla (new); Murcia (new),Madrid,https://www.planetfitness.es,https://www.linkedin.com/company/planet-fitness,@planetfitnesses,Vicente Bañobre (General Manager Spain),,,7 new openings in 2026; Reaching 18 clubs by end 2026; First Barcelona urban clubs (Estel and Casp); Entering Andalucía and Murcia; €15/month pricing - disruptive,"Entering Barcelona urban market in 2026. Plans 300 clubs in Spain long-term. 500m² format with 2,000m² typical size may be too large. However, proximity format could work. Ultra-competitive pricing.",Ultra low-cost / Mass market,72,Medium,"Planning 300 clubs in Spain. Currently focused on major cities. 2,000m² typical format may exceed 500m². Long-term prospect as they expand to secondary cities."
Planet Fitness Iberia / Vicente Bañobre,Low-cost gym chain expansion,"Part of 2,896 global network",Madrid; Barcelona; Valencia,Madrid,https://www.planetfitness.es,,,Vicente Bañobre (General Manager Spain),,,Aggressive expansion in Spain; 7 openings in 2026; €15/month ultra-low pricing,Massive US-backed expansion. Could be interested in 500m² as they scale down to smaller formats. Corporate wellness partnerships through volume pricing.,Ultra low-cost,70,Medium,"Format typically 2,000m². May not fit 500m² unless they develop smaller format."
Basic-Fit España,Low-cost gym chain (European leader),209+ clubs in Spain,Rubí; Viladecans; Barberà del Vallès; Barcelona; Madrid; 50+ cities,Amsterdam (NL) / Barcelona,https://www.basic-fit.es,https://www.linkedin.com/company/basic-fit,@basicfit_es,Romain Bisiach (Marketing Director Spain),,,209+ clubs in Spain; 24/7 rollout in Catalonia started; Rubí and Barberà del Vallès 24/7; €35M annually for 24/7 staffing; Acquired 42 McFit clubs in 2024,Already in Rubí and Barberà (Vallès). 24/7 expansion shows commitment to area. Part of Europe's largest chain. 500m² may be small for their typical format but 24/7 urban concept could work.,Low-cost / 24-7,76,Medium,"Present in Vallès (Rubí, Barberà). 24/7 rollout active. Format may be larger than 500m² typically but evolving."
YogaOne (Wellness Revolution),Yoga studio franchise,65+ centers,Barcelona (19 centers); Madrid; Valencia; Sevilla; 30+ cities,Barcelona,https://www.yogaone.es,,@yogaonebydir,Silvia Canela (Expansion & Franchise Director),laia.mora@wellnessrevolution.es,,"65+ centers nationally; 19 in Barcelona alone; First international center in Genoa, Italy; Investment from €50,000; Seeking franchisees in cities 50,000+",Corporate wellness yoga is massive opportunity. 500m² could host flagship YogaOne or multiple boutique concepts. 19 Barcelona centers prove Catalan market saturation at premium levels. Terrassa gap exists.,Premium boutique wellness / Franchise,82,High,Part of Wellness Revolution/DiR group. YogaOne in Barcelona saturated but Terrassa untapped. Perfect corporate wellness partner.
Sano Center,Boutique fitness franchise (small groups),68+ centers in Spain,Barcelona; Madrid; Valencia; 30+ cities,Barcelona,https://sanocenter.es,,@sanocenter,,expansion@sanocenter.es,+34 611 61 72 40,"68+ franchise centers; EBITDA 32-48%; Break-even at 120-150 clients; Payback 24-36 months; Investment from €50,000; Franchise model actively recruiting","200-500m² format matches perfectly. High profitability model. 350m² example in <15,000 inhabitant town successful. €66/month ticket. Ideal for corporate wellness small-group training.",Boutique fitness / Franchise,81,High,Perfect 200-500m² format. High EBITDA (32-48%). Proven model in small towns. Actively seeking franchisees.
Dreamfit,Large-format low-cost gym chain,25 clubs (27 planned 2026),Barcelona; Sant Adrià; Sant Boi; L'Hospitalet; Madrid; Valencia; Sevilla; Zaragoza,Madrid,https://www.dreamfit.es,https://www.linkedin.com/company/dreamfit,@dreamfit,Rafael Cecilio (Founder & President),,,"€47M revenue in 2025; 112,600 members; 25 clubs, targeting 27 in 2026; €80M revenue target by 2030; Pipeline: Bilbao, Pinto, Torrejón planned from 2027","4,000m²+ format typically too large for 500m². However, proven in Barcelona metro (Sant Boi, L'Hospitalet). Corporate wellness partnerships possible. Medium priority due to format mismatch.",Mid-cost / Large format,68,Medium,"Format typically 4,000m²+. Too large for 500m² space. Worth monitoring for partnership models or smaller format development."
Indoorwall Climbing Centers,Climbing gym franchise,15+ centers across Spain,Barcelona; Granollers; Vic; Madrid; Valencia,Barcelona,https://www.indoorwall.com,,@indoorwall,Israel Macià (Founder),,,15 centers in 6 years; Franchise model expanding; Indoorwall Express concept (€350K investment); 30% EBITDA margins; Combines climbing + fitness + coworking,Indoorwall Express concept includes fitness + coworking zones in compact format. €350K investment. 30% margins. Climbing is Olympic sport driving demand. Corporate team-building angle.,Specialty fitness / Franchise,75,Medium,"Express format combines climbing, fitness, coworking. Growing sport. Franchise model. Vic and Granollers in Vallès proximity."
Fightland,Premium boxing club,20+ clubs in Spain,Madrid; Barcelona; Valencia; Málaga,Madrid,https://www.fightland.es,,@fightland,Luis Serrano (Founder),,,20+ clubs nationally; First 'boxing gym for non-boxers' concept; Premium positioning; Active franchise expansion,Premium boxing concept fits 500m². Corporate wellness stress-relief angle. Non-contact boxing accessible to office workers. Madrid-based but expanding to Catalonia.,Premium boutique boxing,73,Medium,'Premium Boxing Club' concept. Non-boxer friendly. Madrid base. Corporate wellness angle strong.
Barry's Bootcamp Iberia,Premium HIIT boutique,3 clubs (2 Madrid + 1 Barcelona),Barcelona (Pau Casals); Madrid,Madrid,https://www.barrys.com,,@barrys,José Daniel García Barredo (Franchise Lead Spain & Portugal); Santiago Zapata (Partner); Johan Nilsson (Partner),,,Opened Barcelona studio 2024; Second Madrid studio 2025; Plan for 10 studios by 2030; €1.5-2M per studio investment; €165/month pricing,"Premium HIIT concept with €165/month fees. 400m² format fits. Barcelona studio proves Catalan market. Plans 10 by 2030 including Valencia, Málaga, Bilbao. Terrassa could be satellite location.",Luxury boutique HIIT,74,Medium,Format ~400m² fits. Premium pricing. Expansion to 10 by 2030. Barcelona presence validates market. Terrassa satellite potential.
Body Fit Training (BFT) España,Strength & conditioning franchise,"1+ in Spain (Barcelona), 330+ globally",Barcelona,"Barcelona / Irvine, CA",https://www.bodyfittraining.com,,@bodyfittraining,Liz Andrews (Expansion Director Spain & Portugal),,,First Spain studio in Barcelona Eixample; 10 studios planned for 2024; 100 studios in 5 years target; Backed by Xponential Fitness; HYROX official training partner,Functional training + HYROX partnership is trending. Franchise model seeking operators. Barcelona first studio shows Catalan focus. 500m² strength studio format works.,Boutique strength / Franchise,76,Medium,HYROX trend creates demand. Franchise model. Xponential Fitness backing. Barcelona first entry point.
O2 Centro Wellness,Premium wellness club (boutique gym spa for women),9 clubs in Spain,Barcelona; Madrid; Girona; Granada; Huelva; Málaga,Madrid,https://www.o2centrowellness.com,,@o2centrowellness,Josep Garrido (Operations Director),,,"Opened Boutique Gym Barcelona in early 2025; Third female boutique club; 1,000m² women's wellness concept; Returned to Barcelona after 10-year absence","Female-focused boutique concept with gym+spa. 1,000m² format but could adapt. Returned to Barcelona market showing renewed Catalan interest. Corporate women's wellness partnership angle.",Premium women's wellness,72,Medium,Boutique Gym Spa concept for women. Recently returned to Barcelona. 9 clubs nationally. Women's wellness angle strong for corporate partnerships.
BeOne Centers,Fitness & wellness club chain,46 centers,Madrid; Barcelona; Bilbao; Zaragoza; Granada; Ourense; Lugo; Galicia,Ferrol (Galicia),https://beone.es,,@beonecenters,,,,46 clubs operating; 10 openings planned; 4 private centers added; Strong in Galicia but expanding nationally; ISO certified quality,National operator with expansion plan. 10 openings planned. Medium-sized city focus. Quality certifications. Could be interested in Vallès expansion.,Mid-market wellness,70,Medium,46 clubs. 10 openings planned. National expansion mode. Medium priority due to less direct Catalonia focus.
Cross Funcional 30',Boutique functional training franchise,Multiple in Terrassa area,Terrassa; Sabadell; Alicante,Terrassa,,,,Javier Ureña (Founder),,,"Operating in Terrassa and Sabadell; Franchise model launched 2018; 350m² format; Investment €25,500 + €12,000 canon; Planned 4 more openings in 2019",Already in Terrassa and Sabadell. Local operator with franchise ambitions. 350m² functional training format matches 500m². Local knowledge advantage. Could expand flagship location.,Budget boutique / Local franchise,72,Medium,Local Terrassa operator. Functional training franchise. Already in market. Could use larger space for expansion.
Trib3 (Tribute Brands),HIIT boutique franchise,11+ in Spain,Barcelona (5+ studios); Madrid,Barcelona,https://trib3.co,,@trib3,Jordi Bonich (CEO TRIB3 Spain); Elena Ginés (Spain Head of Operations),,,"6 new studios opened in Spain in 18 months; PILAT3S launched alongside TRIB3; Barcelona studios: Sagrada Familia, Les Corts, Balmes, Gràcia; Edan Studios partnership (Anna Lewandowska)","Strong Barcelona presence. Compact studio format (310m²). Franchise model. Multi-concept approach (HIIT + Pilates). Young, trendy demographic ideal for office area.",Trendy boutique HIIT,79,Medium,Strong Barcelona footprint. Compact studios. Multi-concept (TRIB3 + PILAT3S). Franchising. Young demographic.
Mugendo,Martial arts franchise,36 centers in Spain,Madrid; Barcelona; Valencia; 30+ cities,Barcelona,https://www.mugendo.es,,@mugendo,,,,"36 operating centers; 40 years experience; Franchise actively recruiting; Investment from €32,000; 1-year payback",Martial arts franchise with proven model. 36 clubs. €32K entry. Corporate self-defense and wellness programs. 100m² minimum but larger spaces for multiple disciplines.,Martial arts franchise / Budget,65,Low,36 clubs. Low investment. Martial arts concept. Niche market but proven.
Edan Studios (Anna Lewandowska),Multi-boutique wellness studio (HIIT + Pilates + Dance),1 (Barcelona Balmes),Barcelona,Barcelona,https://edanstudios.com,,@edanstudios,Anna Lewandowska (Founder); Jordi Bonich (CEO TRIB3 Spain (partner)),,,"Opened November 2024; 1,000m² premium location; 3 disciplines: HIIT, Pilates, Dance; €109-200/month pricing; Partnership with TRIB3/PILAT3S","Multi-boutique concept is trend leader. Premium pricing validates Barcelona market. 1,000m² format but concept scalable. Could expand to Terrassa as satellite. Influencer-backed marketing power.",Ultra-premium multi-boutique,71,Medium,Single location currently (Barcelona). Influencer founder. Premium concept. Expansion potential as boutique fitness grows in suburbs.
Wellhub (formerly Gympass),Corporate wellness platform,"Network platform (19,000+ partner gyms)",Global - 11 countries,São Paulo / Madrid,https://www.wellhub.com,https://www.linkedin.com/company/wellhub,@wellhub,Arturo Muzelle (Corporate Partnerships Director Spain),,,"Partnered with Basic-Fit Spain; Acquired Fitprime Italy; 4,300+ corporate clients in Italy; 19,000+ partner gyms globally",Corporate wellness platform connecting employers to gyms. NOT an operator but KEY PARTNER. Office building with corporate tenants is exactly their target. Can drive corporate memberships for any operator in the space.,Corporate wellness tech platform,88,High,NOT a gym operator - but CRITICAL partner. Any operator in the 500m² space should partner with Wellhub for corporate client flow. Office-adjacent location is ideal for their model.
Holiday Gym,Regional gym chain,20+ clubs,Madrid (14); Valencia (4); Zaragoza; Ibiza,Madrid,https://www.holidaygym.es,,@holidaygym,Luis Guerra (Founder),,,"20+ clubs, 36 years experience; Expanded to Ibiza 2020; Acquired former Fraile Gym location; Veteran operator with expansion capacity",Experienced operator with 36 years track record. Primarily Madrid/Valencia focused but expansion capacity. Not directly targeting Catalonia currently but could be interested in growth.,Mid-market,60,Low,Primarily Madrid/Valencia. Not actively targeting Catalonia. Lower priority.
