Company Name,Website URL,Current Known Address (City),Industry / Sector,Approx. Employee Count,Signal of Potential Office Space Need,Estimated Urgency / Score,Contact Information
Mitek Systems,https://www.miteksystems.com,Sant Cugat del Vallès,AI / Digital Identity,~200,65% headcount growth in 2 years. €200K ACCIÓ grant. Consolidated global R&D center in new Sant Cugat offices in 2024.,High,"LinkedIn: mitek-systems, info@miteksystems.com"
Factorial,https://factorialhr.com,Barcelona (22@),HR Tech / SaaS,"1,000+ (targeting 1,300)","Hiring 40+ people/week. Leased 8,000 m² in Illacuna complex (22@), consolidating multiple offices into single HQ in 2025.",High,"LinkedIn: factorial-hr, hello@factorialhr.com"
Revolut,https://www.revolut.com,Barcelona (Avinguda Diagonal 444),Fintech / Neobank,"1,500 in Spain","Leased 2,590 m² at Diagonal 444. Planning 300+ hires in Barcelona by 2028.",High,"LinkedIn: revolut, press@revolut.com"
deepdots,https://deepdots.com,Barcelona (New Office),AI / SaaS,<10 (seed-stage),€5.5M seed round (June 2025). Stated goal: 'open a Barcelona office and enhance AI infrastructure.' Immediate need for initial space.,High,"LinkedIn: deepdots, hello@deepdots.com"
Veeva Systems,https://www.veeva.com,Barcelona (22@),SaaS / Life Sciences,Global (EU hub expanding),"Leased 2,166 m² + 335 m² terrace in Interface building (22@) for European hub. Delivery Spring 2026.",High,"LinkedIn: veeva-systems, info@veeva.com"
Biorce,https://www.biorce.com,Barcelona (Avinguda Diagonal 615),Biotech / AI,60 (targeting 250),"$52.5M Series A (DST Global). Moving from 200 m² coworking to 2,000 m² HQ. Hiring 250 employees.",High,"LinkedIn: biorce, hello@biorce.com"
Sanofi,https://www.sanofi.com,Barcelona (22@),Pharma / AI,"1,400 in Spain (300+ new)",New global AI/R&D/digital center of excellence in 22@. 300+ highly qualified jobs by end 2025.,High,"LinkedIn: sanofi, espana@sanofi.com"
EY España,https://www.ey.com/es_es,Barcelona (Multiple),Professional Services,900 new hires in 2025,"Record 900 hires in 2025 (+20% YoY), 12.2% revenue growth. Expanded office capacity needed.",High,"LinkedIn: ey, comunicacion@ey.com"
AstraZeneca,https://www.astrazeneca.es,Barcelona (Edificio Estel),Pharma / Biotech,540+ in Catalonia,"New Global Hub inaugurated Nov 2025. €257.6M investment, 540 jobs. Ongoing growth signals.",High,"LinkedIn: astrazeneca, info@astrazeneca.es"
QIAGEN,https://www.qiagen.com,Esplugues de Llobregat,Biotech / Diagnostics,230 → 400+,"€13M investment in 8,000 m² global innovation center at Esplugues Campus. Opening early 2026. 74% headcount growth.",High,"LinkedIn: qiagen, info@qiagen.com"
CrowdStrike,https://www.crowdstrike.com,"Barcelona (22@, Llull 122)",Cybersecurity,EMEA HQ expanding,"Leased entire 5,027 m² building at Llull 122 for EMEA HQ. Fit-out in progress, long-term lease.",High,"LinkedIn: crowdstrike, info@crowdstrike.com"
Scopely,https://www.scopely.com,Barcelona (22@),Gaming / Mobile,700+,"Opened 8,500 m² hub in 22@ (July 2025), €13.5M. Revenue +25% to €161M. 4th Barcelona office.",High,"LinkedIn: scopely, press@scopely.com"
Inbrain Neuroelectronics,https://inbrain-neuroelectronics.com,Barcelona (Parc Científic),Biotech / Neuroelectronics,~30 (growing),"€78.2M raised (largest PCB round). PCB at 100% capacity. New building (2,700 m²) not until 2028. Urgent interim space need.",High,"LinkedIn: inbrain-neuroelectronics, info@inbrain-neuroelectronics.com"
Orange Cyberdefense España,https://www.orangecyberdefense.com,Barcelona,Cybersecurity,100 (launch phase),New entity launching with 100 cybersecurity experts. SOC center in Barcelona. Orange group targeting €2B revenue by 2030.,High,"LinkedIn: orange-cyberdefense, info@orangecyberdefense.com"
Kleinanzeigen (Adevinta),https://www.kleinanzeigen.de,"Barcelona (22@, Ciutat de Granada 150)",E-commerce / Classifieds,New office (hiring),"Opened first Spanish subsidiary (March 2026), 10th floor in 22@. 36M monthly users. I&D hub hiring developers.",High,LinkedIn: kleinanzeigen
TravelPerk,https://www.travelperk.com,"Barcelona (22@, Almogàvers 160)",Business Travel / SaaS,"1,500+","Leased 9,400 m² at Almogàvers 160 (A160). IRL-first (3 days/week in office). Hiring across all functions. €190M Series E at €2.57B valuation.",High,"LinkedIn: travelperk, press@travelperk.com"
Murphy AI,https://getmurphy.ai,Barcelona (Poblenou),AI / Fintech (Debt Collection),~40 (growing fast),"$15M raised (Northzone, ElevenLabs, Lakestar, Seedcamp). Founded 2024, already 40+. Hiring Sr AI Engineers, VP Product, Head of Finance.",High,"LinkedIn: murphy-ai, careers@getmurphy.ai"
Cala AI,https://cala.ai,Barcelona,AI / Knowledge-as-a-Service,~20,"€7M pre-seed (Lightspeed, Kfund, Kibo, Masia). Founded 2025 by ex-Apple/Vilynx executives. Recently inaugurated Barcelona office. US expansion planned.",High,LinkedIn: cala-ai
Grupo Prodesco,https://www.prodesco.es,"Terrassa (NEW 5,000 m² platform)",Food Distribution / Food Service,200+ (30% growth in 2025),"Opened NEW 5,000 m² logistics platform in Terrassa (Feb 2026). €62M revenue (+17.4%). 30% headcount growth. CEPYME500 recognized.",High,"LinkedIn: prodesco, info@prodesco.es"
Pastisart,https://pastisart.com,Terrassa (HQ + Roda de Berà factory),Frozen Bakery / Pastry Manufacturing,~520,"€112M revenue 2024, targeting €123M in 2025 (+10%). Just invested €16M expanding Roda de Berà factory from 11,000 to 16,000 m² (+50% capacity). CEO: Núria Betriu (former ACCIÓ CEO).",High,"LinkedIn: pastisart, info@pastisart.com"
Semrush,https://www.semrush.com,"Barcelona (22@, Tanger 98)",MarTech / SEO SaaS,"1,000+ (25 open roles in Barcelona)","One of largest global offices in 22@. 25 open vacancies in Barcelona (Analytics, Customer Success, Marketing, Sales, Product & Tech). Public company ($412M+ revenue). Continuously hiring.",High,"LinkedIn: semrush, press@semrush.com"
Preply,https://www.preply.com,Barcelona (Portal del Angel 40),EdTech / Language Learning,"501-1,000 (11% growth in 12 months)","$294.8M total funding. 32,000+ tutors, 15M+ lessons booked. 71 jobs open in Barcelona. Expanding B2B offerings. Hybrid work model with central Barcelona office.",High,"LinkedIn: preply, press@preply.com"
AstraZeneca Barcelona Hub (SSC),https://careers.astrazeneca.com/barcelona,Barcelona (Edificio Estel),Pharma / Shared Service Center,"500+ (targeting 1,000)","Hired 500 in 2 years, targeting 1,000. Recruiting in R&D, IT, Commercial, HR. €257.6M investment in Global Hub.",High,"LinkedIn: astrazeneca, info@astrazeneca.es"
Riot Games Barcelona,https://www.riotgames.com,Barcelona,Gaming / Esports,Expanding,Esports Organized Play Manager position open. Barcelona office serving Southern European esports operations. Part of global gaming network.,High,LinkedIn: riot-games
Blizzard Entertainment Barcelona,https://careers.blizzard.com,Barcelona,Gaming / Esports,Expanding rapidly,"10+ open positions in Barcelona: Senior Producer (Overwatch), Senior Technical Artist, Senior DevOps, Gameplay Designer, Systems Designer, Senior Data Scientist. Major hiring wave.",High,LinkedIn: blizzard-entertainment
King (Activision Blizzard) Barcelona,https://careers.king.com,Barcelona,Gaming / Mobile (Candy Crush),Expanding,"8+ open positions: Senior II Backend Developer, Senior Tools Developer, Senior Software Engineer, Build Engineer (Candy Crush), Principal Product Analyst. Barcelona is key dev hub.",High,LinkedIn: king
Remuner,https://remuner.com,Barcelona (Wayra portfolio),Fintech / HR Tech (Sales Compensation),~30-50 (growing),"€2M round (Wayra, Pear VC, Kfund, Bonsai Partners). AI-powered variable compensation management. No-code platform integrating with Salesforce, HubSpot, Dynamics. Scaling in Europe.",High,"LinkedIn: remuner, info@remuner.com"
PayFlow,https://payflow.es,Barcelona (Wayra portfolio),Fintech / Earned Wage Access,~50-100,Wayra-backed. Allows workers to access salary at any time. Growing rapidly across Spain. B2B2C model. Integrating with major payroll systems. Hiring.,High,"LinkedIn: payflow, info@payflow.es"
Hudl,https://www.hudl.com,Barcelona (Sales office),Sports Tech / Video Analytics,"1,001-5,000 global (Barcelona expanding)",Sales Manager position open in Barcelona. $104M Series E (Accel). Online video analysis for coaches at all levels. Expanding European sales presence.,High,LinkedIn: hudl
Genomcore,https://genomcore.com,Barcelona (Wayra portfolio),Health Tech / Biomedical Data AI,~50-100,"Wayra-backed. Biomedical data platform integrating genomic, clinical, and wearable data with AI. Working with Telefónica to promote precision medicine in public healthcare. Generating €50M+ revenue with Telefónica.",High,"LinkedIn: genomcore, info@genomcore.com"
Voicemod,https://www.voicemod.net,Barcelona (coworking space),Audio Tech / Voice AI for Gaming,90+ (35 recent hires),20M+ users. Barcelona coworking workspace + Valencia HQ. 35 new hires placed through Growara. Head of Brand & Creative position open. Scaling multiplatform audio entertainment.,High,"LinkedIn: voicemod, teams@voicemod.com"
Bit2Me,https://bit2me.com,Barcelona,Fintech / Crypto Exchange,100+ (growing),"Spain's leading crypto exchange. €21.6M revenue 2025 (+13%). 1.3M+ clients. Hiring GRC Specialist, developers. Wayra portfolio. First platform synchronizing traditional finance with Bitcoin.",High,LinkedIn: bit2me
Inspira,https://inspire-se.co,Barcelona (Wayra / 4YFN 2025),Legal Tech / AI Legal Assistant,~15-25 (growing),"Wayra portfolio. AI legal assistant for research, knowledge management, document analysis. Google for Startups 2025. Web Summit Lisbon 2023 Pitch Winner. Accelerated by District and Challenger.",High,LinkedIn: inspire-legal-ai
Housfy,https://housfy.com,Barcelona (Nuclio portfolio),PropTech / Home Services,~100-200,"Nuclio Venture Builder startup. First platform for home services: sell, buy, rent, renovate. Expanding across Spain. Digital-first real estate model.",High,LinkedIn: housfy
Devengo,https://devengo.com,Barcelona (Wayra portfolio),Fintech / Real-Time Payments API,~30-50 (growing),"Wayra portfolio. Real-time payment API for B2B integrations. Automates account creation, sending/receiving money programmatically. Featured at 4YFN 2025. Growing client base.",High,LinkedIn: devengo
Deepull Diagnostics,https://deepull.com,Barcelona (Parc Científic de Barcelona),Biotech / Sepsis Diagnostics AI,~50-100 (growing),"€70M+ raised since founding. AI-powered sepsis diagnostics (UllCORE system). Located at PCB which is at 100% capacity (22,553 m² labs fully occupied since 2023). New PCB building not until 2028. Urgent need for interim expansion space.",High,LinkedIn: deepull-diagnostics
Nuage Therapeutics,https://nuagetx.com,Barcelona (Parc Científic de Barcelona),Biotech / Drug Discovery (Cancer),~30-50 (growing),IRB Barcelona/ICREA spin-off (2021). Drug discovery for intrinsically disordered proteins (cancer treatment). Sabadell Asabys funded. Hiring Cell Biology Scientist (July 2025). At PCB which is at 100% capacity — urgent interim space need.,High,"LinkedIn: nuage-therapeutics, careers@nuagetx.com"
Orikine Bio,https://orikinebio.com,Barcelona (Parc Científic de Barcelona),Biotech / Inflammatory Diseases,~20-40 (growing),CEO Christian Pangratz advancing from research to preclinical development for inflammatory diseases. Located at PCB (100% capacity since 2023). New CUB building not until 2028. Interim space needed for expansion.,High,LinkedIn: orikine-bio
Vytrus Biotech,https://www.vytrus.com,Terrassa,Biotech / Cosmetics,Growing rapidly,"75% sales growth H1 2025. €5.5M investment in 1,600 m² plant. Total footprint 3,000 m², 15-year lease.",Medium-High,"LinkedIn: vytrus-biotech, info@vytrus.com"
Aflofarm España,https://www.aflofarm.pl,Barcelona (Avinguda Diagonal),Pharma / OTC,60 in Spain,"New offices on Avinguda Diagonal. €19M turnover 2025, launching 2 new OTC products.",Medium-High,"LinkedIn: aflofarm, info@aflofarm.es"
Siemens,https://www.siemens.es,"Barcelona (Torre Diagonal One, 22@)",Technology / Mobility,Large,Relocated HQ to Torre Diagonal One (22@) May 2025. Mobility division investing in Cornellà factory.,Medium-High,"LinkedIn: siemens, info.es@siemens.com"
Heura Foods,https://www.heurafoods.com,Barcelona (22@),Food Tech,~170,€20M EIB loan (May 2025). Moved to larger 22@ premises. Expanding product categories.,Medium-High,"LinkedIn: heura-foods, info@heurafoods.com"
Net-Pharma / Leanbio,https://www.leanbio.com,Sant Quirze del Vallès,Pharma Hub / Biotech,120 (expanding),"Net-Pharma Hub opening May 2026, 7,600 m² (70% occupied). Leanbio investing €25M+ in 4,000 m² plant.",Medium-High,"LinkedIn: leanbio, info@leanbio.com"
Deloitte,https://www.deloitte.es,Barcelona (Edificio Aura),Professional Services,Thousands in Barcelona,"Leased 14,100 m² in Edificio Aura (largest office deal of 2025). Expansion and consolidation.",Medium-High,"LinkedIn: deloitte, comunicacion@deloitte.es"
Larian Studios,https://larian.com,Barcelona (City Center),Gaming / RPG,~400 global (Barcelona expanding),"Baldur's Gate 3 creators. Barcelona studio (opened 2021) expanding: 10+ open positions in programming, VFX, tools, IT.",Medium-High,"LinkedIn: larian-studios, info@larian.com"
Socialpoint,https://www.socialpoint.es,Barcelona,Gaming / Mobile,Expanding,"11+ active openings: Director Game Economy, Senior Backend, Lead Product Manager. Continuous hiring for live ops.",Medium-High,"LinkedIn: socialpoint, info@socialpoint.es"
VTEX,https://www.vtex.com,Barcelona (EMEA/APAC Hub),E-commerce / SaaS,Growing hub,Inaugurated new Barcelona office as EMEA & APAC hub (late 2025). Coordinating multi-market operations.,Medium-High,"LinkedIn: vtex, info@vtex.com"
Sandsoft,https://www.sandsoft.com,Barcelona (European HQ),Gaming / Mobile,Creating 60 jobs/3 years,Opening European HQ in Barcelona (ACCIÓ supported). 60 qualified jobs over 3 years.,Medium-High,"LinkedIn: sandsoft, info@sandsoft.com"
Andersen,https://es.andersen.com,Barcelona,Law / Professional Services,Adding 30+,"Aggressively expanding Barcelona office, adding up to 30 professionals. Seeking to integrate other law firms.",Medium-High,"LinkedIn: andersen, info@andersen.com"
Smith & Nephew,https://www.smith-nephew.com,Esplugues de Llobregat,MedTech,"1,700 m² facility","1,700 m² at Esplugues Campus (former Braun factory). Tissue repair technology R&D.",Medium-High,"LinkedIn: smith-and-nephew, info@smith-nephew.com"
Chery,https://www.chery.cn,Cornellà de Llobregat (Arboretum2),Automotive R&D,"TBD (2,000 m² center)","2,000 m² R&D center at Arboretum2 opening autumn 2026. 6th global R&D center. €400M Catalan investment.",Medium-High,info@chery.cn
Mews,https://www.mews.com,Barcelona (Gran Via),Hospitality Tech / SaaS,800+ global,New Gran Via office (Aug 2025). 60% headcount growth in Spain. €185M Series C. Actively hiring.,Medium-High,"LinkedIn: mews, info@mews.com"
Wallapop,https://www.wallapop.com,Barcelona (22@),E-commerce / Marketplace,~300-400,"19M users, profitable since 2024. Acquired by Naver for €377M (Jan 2026). Record revenue expected 2025.",Medium-High,"LinkedIn: wallapop, press@wallapop.com"
Typeform,https://www.typeform.com,Barcelona (22@),SaaS / Online Forms,300+,"$187M raised. 20+ open positions. Expanding sales. Moved to 2,000 m² office in 22@ after outgrowing coworking.",Medium-High,"LinkedIn: typeform, press@typeform.com"
Sopra Steria España,https://www.soprasteria.es,"Barcelona (22@, Llull 112)",IT Consulting,Thousands (Spain),"Leased 2,967 m² across 3 floors in Campus MILE (22@). Moving from city center. Shares building with Glovo.",Medium-High,"LinkedIn: sopra-steria, info@soprasteria.es"
Colvin,https://www.colvin.com,Barcelona,E-commerce / Floral Tech,~200 (hiring 100 more),€45M raised (Eurazeo). Hiring 100 more. Expanding B2B marketplace. Entering French market.,Medium-High,"LinkedIn: colvin, info@colvin.com"
Amenitiz,https://www.amenitiz.com,Barcelona,Hospitality Tech / SaaS,230+,"$50M+ raised (Series A). 14,000+ hotel clients. TravelTech titan & Wired top startup. Actively hiring.",Medium-High,"LinkedIn: amenitiz, info@amenitiz.com"
Mitiga Solutions,https://www.mitigasolutions.com,Barcelona (BSC spin-off),Climate Tech / AI,~30 (UK + Spain),"€8.4M EIC funding (€2.4M grant + €6M equity). BSC spin-off. Climate risk intelligence for Tesla, NHS, Acciona. Hiring.",Medium-High,"LinkedIn: mitiga-solutions, info@mitigasolutions.com"
Genesy AI (Enginy),https://www.enginy.ai,Barcelona,AI / B2B Sales,~20→40 (expanding),"€5M seed (Samaipata, KFund, Itnig). Grew to 20+ in 9 months. Targeting 40 by 2025. Clients: Factorial, Sequra, Metricool.",Medium-High,LinkedIn: genesy-ai
Theker,https://www.theker.ai,Barcelona,AI / Industrial Robotics,~20 (seed-stage),"€18M raised — largest seed round in Spanish history (Kibo Ventures, Inditex). Adaptive AI robots for logistics, retail, manufacturing.",Medium-High,LinkedIn: theker
Qida,https://www.qida.es,Barcelona,Health Tech / Home Care,"185 office + 1,800 caregivers","€37M investment round (largest social impact in Spain/Southern Europe). 300+ office team. 25,000+ families served. Multi-city expansion.",Medium-High,"LinkedIn: qida, empleo@qida.es, 625 55 35 69"
Cooltra,https://corporate.cooltra.com,Barcelona (Norrsken House),Mobility / Micromobility,800 (100 in Barcelona office),"€60M revenue 2024 (+32%). HQ at Norrsken Barcelona (100 employees). European leader in 2-wheel mobility. 32,000 vehicles across 7 countries.",Medium-High,LinkedIn: cooltra
Plusfresc,https://www.plusfresc.cat,Terrassa (Avinguda del Abad 43),Supermarket / Food Retail,"1,487 (+5% in 2024)","Opened first Terrassa store (2,000 m²) in Nov 2024 — first in Vallès Occidental. €202M revenue. 88 stores across Catalonia. Plan de Expansión 2022-2024.",Medium-High,LinkedIn: plusfresc
Ubisoft Barcelona,https://www.ubisoft.com,Barcelona,Gaming / AAA Studio,Expanding,"LiveOps Designer, Junior Technical Artist (Rainbow Six Siege) positions open. Barcelona studio is key development hub for AAA titles. Continuous hiring.",Medium-High,LinkedIn: ubisoft
Aristocrat Gaming Barcelona,https://www.aristocrat.com,Barcelona,Gaming / Slot Machines,Expanding rapidly,"10+ open positions: ML/AI Engineer, Automation & AI Engineer, Senior Game Economy Manager, Senior Technical Artist, Data Scientist. Major hiring wave.",Medium-High,LinkedIn: aristocrat-gaming
Rovio Barcelona,https://www.rovio.com,Barcelona,Gaming / Mobile (Angry Birds),Expanding,"Senior Office Manager, General Manager (new football game), Lead Product Manager (Angry Birds Friends) positions open. 30M monthly active users.",Medium-High,LinkedIn: rovio
Psious,https://www.psious.com,Barcelona,Mental Health / VR Therapy,~50-100,First VR platform for mental health professionals. Used by hundreds of practitioners. 70+ virtual environments. EIT Digital backed. 2013 founded. Expanding globally.,Medium-High,"LinkedIn: psious, info@psious.com"
bound4blue,https://www.bound4blue.com,Barcelona,CleanTech / Maritime Wind Propulsion,~50-100,$65M raised. Automated wind-assisted propulsion systems for ships. Founded 2014 by Cristina Aleixendri (Forbes 30U30). Reducing shipping emissions 30%.,Medium-High,"LinkedIn: bound4blue, info@bound4blue.com"
Submer,https://www.submer.com,Barcelona,CleanTech / Data Center Cooling,~100-200,"$230.6M raised. Sustainable immersion cooling for data centers. Serving Microsoft, Shell, and major cloud providers. Rapidly scaling production.",Medium-High,"LinkedIn: submer, info@submer.com"
Fabbric,https://www.fabbric.com,Barcelona,Fashion Tech / Manufacturing Platform,~30-50 (growing),"Barcelona-based platform enabling creators to design and launch custom fashion collections. Connecting with manufacturers in Spain, Portugal, China. World Future Awards 2025 winner.",Medium-High,LinkedIn: fabbric
Recovo,https://www.recovo.co,Barcelona,Fashion Tech / Circular Economy,~20-40 (growing),Barcelona-based circular fashion platform for resale of surplus fabrics between brands. Extending textile life cycles. World Future Awards 2025 winner.,Medium-High,"LinkedIn: recovo, hello@recovo.co"
Legit.Health,https://legit.health,Barcelona (Wayra portfolio),Health Tech / AI Dermatology,~20-40 (growing),"Wayra-backed. Proprietary algorithms analyze dermatological images, facilitating diagnoses and disease severity assessment. Working with Telefónica for healthcare digitization. Strong clinical validation pipeline.",Medium-High,LinkedIn: legit-health
Weecover,https://weecover.com,Barcelona (Wayra/Iope Ventures portfolio),InsurTech / Embedded Insurance,~20-40 (growing),Wayra/Iope Ventures backed. Integrated insurance provider for e-commerce and digital services. Embedded insurance B2B2C model. Rapidly scaling partnerships.,Medium-High,LinkedIn: weecover
Housfy,https://housfy.com,Barcelona (Nuclio portfolio),PropTech / Home Services,~100-200,"Nuclio Venture Builder startup. First platform for home services: sell, buy, rent, renovate. Expanding across Spain. Digital-first real estate model.",Medium-High,LinkedIn: housfy
Groots,https://groots.eco,Catalonia / Barcelona area,AgriTech / Vertical Farming,~20-40 (growing),First large-scale urban vertical farm in Spain. 40x more productive per m² than traditional agriculture. 97% water savings. €600K seed funding. Self-sufficient with solar panels.,Medium-High,LinkedIn: groots
Agrinpulse,https://agrinpulse.com,Barcelona (Wayra / 4YFN 2025),AgriTech / Precision Agriculture,~15-25 (growing),"Wayra portfolio, presented at 4YFN 2025. Advanced technological solutions for agriculture, particularly fruit sector. Precision farming and crop monitoring. Barcelona-based.",Medium-High,LinkedIn: agrinpulse
Trendimensional,https://trendimensional.com,Barcelona (Wayra / 4YFN 2025),Fashion Tech / 3D + AI,~20-30 (growing),"Wayra portfolio, presented at 4YFN 2025. SaaS platform digitizing fashion design and prototyping through 3D technology and generative AI. 3D prototypes and industrial-grade garment patterns.",Medium-High,LinkedIn: trendimensional
Rapihogar,https://rapihogar.com,Barcelona (Wayra/Iope Ventures portfolio),InsurTech / Home Assistance,~30-50 (growing),Wayra/Iope Ventures backed. Neo-assistance platform for insurers and large companies to manage home repair and maintenance services. Growing client portfolio.,Medium-High,LinkedIn: rapihogar
Kymatio,https://kymatio.com,Barcelona (Wayra portfolio),Cybersecurity / Human Risk Management,~30-50,Wayra-backed. SaaS for managing internal human-induced risks related to information security. Employee cybersecurity awareness and risk quantification. Growing across Europe.,Medium-High,LinkedIn: kymatio
Galtea,https://galtea.ai,Barcelona (Wayra / BSC spin-off),AI Safety / AI Governance,~15-25 (growing),"Wayra portfolio, presented at 4YFN 2025. Barcelona Supercomputing Center spin-off. Makes AI evaluation and governance simple and stress-free. Helping organizations drive innovation safely.",Medium-High,LinkedIn: galtea
Neural Fashion AI,https://neuralfashion.ai,Barcelona (Wayra / 4YFN 2025),Fashion Tech / AI,~10-20 (growing),"Wayra portfolio, presented at 4YFN 2025. First platform designed to transform the fashion industry through AI. Automating design processes and trend prediction.",Medium-High,LinkedIn: neural-fashion-ai
TalentYou.ai,https://talentyou.ai,Barcelona,EdTech / AI Corporate Training,~11 (growing),"€1M pre-seed (Oct 2024, Adstratus, Grupo Godó, Bcombinator, Casti Venturas). 25+ enterprise clients (Manpower, Housfy). Planning to double clients. CEO: Miquel A. Mora (founder of Housfy, Yaencontre). Closing second funding round.",Medium-High,LinkedIn: talentyou-ai
NewBorn Solutions,https://newbornsolutions.com,Barcelona (Parc Científic de Barcelona),MedTech / Neonatal Diagnostics,~20-40 (growing),Barcelona-based medical device company developing non-invasive diagnostic solutions for newborns. Located at PCB which is at 100% capacity since 2023. Urgent interim space need for R&D expansion.,Medium-High,LinkedIn: newborn-solutions
GlyCardial Diagnostics,https://glycardial.com,Barcelona (Parc Científic de Barcelona),Biotech / Cardiac Diagnostics,~20-40 (growing),Cardiac diagnostics biotech at PCB. Developing blood tests for early cardiovascular disease detection. PCB at 100% capacity since 2023 — urgent interim space need.,Medium-High,LinkedIn: glycardial-diagnostics
Grifols,https://www.grifols.com,Sant Cugat del Vallès,Pharma,"23,000+ global",23+ active openings in Sant Cugat. Disability inclusion program expanded. Steady office capacity need.,Medium,"LinkedIn: grifols, info@grifols.com"
FORCADELL,https://www.forcadell.com,Terrassa,Real Estate Services,167,"New larger Terrassa office (Jan 2026), consolidating 3 locations. Designed for 'growth of coming years.'",Medium,"LinkedIn: forcadell, info@forcadell.com"
Banco Sabadell,https://www.bancosabadell.com,Sabadell (HQ) / Barcelona,Banking,"~4,700 in Spain","HQ moved back to Sabadell. Business banking added 69 specialists, grew clients by 20,000+.",Medium,"LinkedIn: banco-sabadell, bancosabadell@bancosabadell.com"
Cushman & Wakefield,https://www.cwsespana.com,Barcelona (L'Illa Diagonal),Real Estate Services,Expanded Iberia team,"Relocated to L'Illa Diagonal (1,300 m²) Dec 2025. €2.6M Iberia investment. New partner director hires.",Medium,"LinkedIn: cushman-&-wakefield, barcelona@cushmanwakefield.com"
SIXT España,https://www.sixt.es,Sabadell,Mobility,Expanding network,New Sabadell branch (Q3 2025). National expansion targeting 100 branches.,Medium,"LinkedIn: sixt, press@sixt.es"
Banca March,https://www.bancamarch.es,Barcelona (Avinguda Diagonal 431),Private Banking,Growing,"Leased 5,200 m² on Avinguda Diagonal 431. Growth ambitions in financial district.",Medium,"LinkedIn: banca-march, info@bancamarch.es"
Sage,https://www.sage.com,Barcelona (22@),Software / ERP,Global firm,"Leased 3,700 m² in NBA (Savills Q1 2025). Expansion in tech corridor.",Medium,"LinkedIn: sage-software, info@sage.com"
Infor,https://www.infor.com,Barcelona (22@),Enterprise Software,Global firm,"Leased 2,440 m² in NBA zone (Savills). Growing cloud ERP presence in Southern Europe.",Medium,"LinkedIn: infor, info@infor.com"
Sateliot,https://sateliot.space,Barcelona (Sants-Montjuïc),Satellite IoT,101-200,"$137M+ funding. Leased 1,800 m² (Q1 2025). 5G IoT satellite constellation.",Medium,"LinkedIn: sateliot, info@sateliot.space"
Puig Brands,https://www.puig.com,L'Hospitalet de Llobregat (Plaza Europa),Cosmetics / Perfumery,485 in ops hub,"Second tower completed (21,000 m²) at Plaza Europa HQ (early 2024). €3.62B revenue (+40%).",Medium,"LinkedIn: puig, info@puig.com"
Shein,https://www.shein.com,Barcelona (Marketing Hub),Fashion E-commerce,20 in Spain (8 in Barcelona),Marketing hub opened early 2026. Plans to expand team. Spain is top 3 EU market.,Medium,"LinkedIn: shein, press@shein.com"
FunPlus,https://www.funplus.com,Barcelona (Publishing),Gaming / Publishing,Barcelona team expanding,"Publishing hub for creative, community, marketing, brand growth teams. Global network.",Medium,"LinkedIn: funplus, info@funplus.com"
Sequentia Biotech,https://www.sequentiabiotech.com,Cerdanyola del Vallès (UAB),Bioinformatics / SaaS,Small (UAB-based),UAB Campus location. DNA sequence analysis software. Access to biotech talent pipeline.,Medium,info@sequentiabiotech.com
Novartis,https://www.novartis.es,Barcelona (Gran Via 764),Pharma,Large,"5 floors in renovated 13,400 m² building (Gran Via 764). Renovation completed 2024-2025.",Medium,"LinkedIn: novartis, info@novartis.es"
Glovo,https://www.glovoapp.com,Barcelona (22@),Delivery Tech,Large (Delivery Hero),"HQ in 22@. Part of tech cluster with CrowdStrike, Rakuten, NTT Data. Continuous expansion.",Medium,"LinkedIn: glovo, press@glovoapp.com"
Talent.com,https://www.talent.com,Barcelona (European Hub),HR Tech / Job Platform,~40-50,"European hub, created ~20 jobs. Plans to double workforce in 5 years. ACCIÓ supported.",Medium,"LinkedIn: talent-com, info@talent.com"
Fleet Mobility,https://www.fleetmobility.com,"Barcelona (22@, Alt Building)",Fleet Management / Mobility Tech,~50-100 (doubled in 1 year),Doubled headcount in past year. Leased 428 m² in Alt Building (Selvamar) plug & play. Latin America expansion planned.,Medium,LinkedIn: fleet-mobility
Valerdat,https://www.valerdat.com,Barcelona,AI / Supply Chain,~15 (targeting 20),6x annual revenue growth. Doubling recurring revenue every 3 months. 30 clients expanding to 100. Targeting 20 employees by year-end.,Medium,eduard.aran@valerdat.com
Danelfin,https://www.danelfin.com,Barcelona,AI / Fintech,~15,"€2M raised (Nauta Capital). AI-powered stock picking platform. 10,000+ features analyzed daily per stock. Benzinga finalist 2024.",Medium,LinkedIn: danelfin
Alinia AI,https://www.alinia.ai,Barcelona,AI / AI Safety,Small (seed-stage),"$7.5M seed (Dec 2025, Mouro Capital, Raise Ventures, Speedinvest). Model-agnostic AI guardrails platform. Hiring Applied Research Scientists (€75-110K).",Medium,LinkedIn: alinia-ai
Landbot,https://www.landbot.io,Barcelona (22@),AI / Conversational SaaS,100+,"$8M Series A (Swanlaab, CDTI). No-code AI chatbot builder. Clients: Allianz, Coca-Cola, BNP Paribas, Nestle. Hiring AI Engineers, Backend Engineers.",Medium,"LinkedIn: landbot, press@landbot.io"
Able Human Motion,https://www.ablehumanmotion.com,Barcelona (UPC spin-off),MedTech / Exoskeletons,~20-30,"UPC spin-off (2018). Developing lightweight robotic exoskeletons. First Spanish exoskeleton for clinical use. Hiring Firmware Engineers. 7 prototypes, 200+ patients tested.",Medium,"LinkedIn: able-human-motion, hello@ablehumanmotion.com, 93 189 25 94"
Ocean Ecostructures,https://www.oceanecostructures.com,Barcelona,Climate Tech / Marine Restoration,~20 (grew from 4),Grew from 4 to 20 employees. 200+ reef units deployed (600 more in fabrication). Selected by Nasdaq as top 12 emerging company. Regenerating largest artificial island in North Sea.,Medium,LinkedIn: ocean-ecostructures
Delfos Energy,https://www.delfos.energy,Barcelona,AI / Renewable Energy,~50-100,"AI-powered performance platform for renewable energy portfolios. Founded 2017. Monitoring 10,000+ renewable assets globally. Backed by leading VCs. Actively hiring engineers and data scientists.",Medium,"LinkedIn: delfos-energy, info@delfos.energy"
Neuroelectrics,https://www.neuroelectrics.com,Barcelona,MedTech / Brain Stimulation,~50-100,Barcelona-based neurotechnology company. StarStim tDCS brain stimulator. Enobio EEG systems. 100+ research institutions as clients. Founded by Ana Maiques (Norrsken Barcelona board member).,Medium,"LinkedIn: neuroelectrics, info@neuroelectrics.com"
IOMED,https://www.iomed.health,Barcelona,AI / Healthcare Data,~50-100,AI-powered healthcare data management platform. Founded 2016. NLP technology unlocking clinical data for research. Working with 50+ hospitals. Raised multiple funding rounds.,Medium,"LinkedIn: iomed, info@iomed.health"
Bo de Debò,https://www.bodedebo.com,Sant Vicenç de Castellet (near Terrassa),Prepared Meals / Food Manufacturing,~100,"Started in Terrassa (1942), now in Sant Vicenç de Castellet. ~100 employees, 20% annual growth. 3,500 m² facility already getting small. Strong expansion trajectory.",Medium,"LinkedIn: bo-de-debo, info@bodedebo.com"
B-Grup (Begudes del Vallès),https://www.bgrup.es,Terrassa,Food & Beverage Distribution,Large (since 1968),"Horeca food & beverage distribution since 1968. Terrassa-based, serving most of Spain. Official distributor for San Miguel, Pepsi, Schweppes, Font Vella, Vichy Catalán. Continuous national expansion.",Medium,"LinkedIn: b-grup, info@bgrup.es"
BCome,https://bcome.com,Barcelona,Fashion Tech / Sustainability SaaS,~30-50 (growing),Barcelona-based SaaS platform offering supply chain transparency and sustainability metrics for fashion brands. World Future Awards 2025 winner. Growing client base.,Medium,LinkedIn: bcome
iFeel,https://www.ifeel.com,Barcelona,Mental Health / Corporate Wellness,~50-100 (growing),Online psychology portal for corporations. 90% of customers report increased emotional well-being. B2B mental health platform. Scaling across Europe.,Medium,LinkedIn: ifeel
Aimentia,https://www.aimentia.com,Barcelona,Mental Health / AI Diagnostics,~20-40 (growing),"AI-powered mental health diagnostics platform. Aimentia Virtual Deck, Data Hub. Increasing efficiency of mental health professionals. Digital-first approach.",Medium,LinkedIn: aimentia
Koa Health,https://www.koahealth.com,Barcelona,Mental Health / Digital Therapeutics,~50-100,"Digital mental health solutions provider. Koa Foundations app for employee well-being. Backed by major health VCs. Barcelona-origin, now global.",Medium,LinkedIn: koa-health
Xceed,https://xceed.me,Barcelona,Event Tech / Nightlife Platform,~30-50,B2B city nightlife promotions and bookings platform. Founded 2013. Connecting venues with party-goers across European cities. Barcelona HQ.,Medium,LinkedIn: xceed
Gameloft Barcelona,https://www.gameloft.com,Barcelona,Gaming / Mobile,Expanding,"5+ open positions: Senior UI/UX Designer, Market Analyst, Product Marketing Manager, Lighting Artist, Technical Producer. Continuous hiring for new titles.",Medium,LinkedIn: gameloft
Wenalyze,https://wenalyze.com,Barcelona (Wayra/Iope Ventures portfolio),InsurTech / Open Data Analytics,~20-40 (growing),Wayra/Iope Ventures backed. Open data analytics improving payment data categorization for banking and insurance policy renewal for SMEs. AI-powered risk assessment.,Medium,LinkedIn: wenalyze
Ciudadela,https://ciudadela.es,Barcelona (Wayra portfolio),PropTech / Homeowners Association Management,~30-50 (growing),Wayra-backed. Proptech digitizing property management for homeowners' associations through AI. Transforming how communities manage shared spaces and finances.,Medium,LinkedIn: ciudadela
Cafler,https://cafler.com,Barcelona (Wayra portfolio),Mobility Tech / Vehicle Management,~20-40 (growing),"Wayra-backed. One-click platform for vehicle management: maintenance, insurance, repairs. B2C and B2B. Growing across Spain.",Medium,LinkedIn: cafler
Bankuish,https://bankuish.com,Barcelona (Wayra portfolio),Fintech / Credit Scoring AI,~20-30 (growing),Wayra-backed. AI-based credit rating tools assigning users data-driven credit scores. Simplified access to pre-approved loans and financial services. Featured at 4YFN 2025.,Medium,LinkedIn: bankuish
Aiphoria,https://aiphoria.io,Barcelona (Wayra / 4YFN 2025),AI / Voice Processing,~10-20 (growing),"Wayra portfolio, presented at 4YFN 2025. API platform for voice processing: fast transcription, AI-powered conversation insights. B2B SaaS for call centers and voice apps.",Medium,LinkedIn: aiphoria
Assistència Sanitària,https://www.assistenciasanitaria.coop,"Terrassa (NEW office, Oct 2025)",Health Insurance / Healthcare,Expanding,Opened NEW office in Terrassa (Oct 2025). Already has offices in Sabadell and Sant Cugat. Part of Fundación Espriu. Strategy of natural expansion in Vallès Occidental.,Medium,LinkedIn: assistencia-sanitaria
Bioliquid,https://bioliquid.es,Barcelona (Parc Científic de Barcelona),Biotech / Liquid Biopsy,~20-40 (growing),Liquid biopsy diagnostics company at PCB. Developing non-invasive cancer detection tests. PCB at 100% capacity since 2023 — urgent interim space need.,Medium,LinkedIn: bioliquid
Everai Medical Technologies,https://everai-medical.com,Barcelona (Parc Científic de Barcelona),MedTech / AI Diagnostics,~20-40 (growing),AI-powered medical diagnostics company at PCB. Located at PCB which is at 100% capacity since 2023. New CUB building not until 2028. Interim space needed for R&D expansion.,Medium,LinkedIn: everai-medical
Moirai Biodesign,https://moiraibiodesign.com,Barcelona (Parc Científic de Barcelona),Biotech / Synthetic Biology,~20-30 (growing),Synthetic biology company at PCB. Developing bioengineered solutions for healthcare and industry. PCB at 100% capacity since 2023 — urgent interim space need.,Medium,LinkedIn: moirai-biodesign
Coovally ( China AI),https://coovally.com,"Barcelona (Avinguda Diagonal, near Glòries)",AI / Computer Vision Platform,15 (targeting 45 in 3-4 years),Chinese AI company (Nanjing/Hangzhou) opened GLOBAL HQ in Barcelona (Oct 2024). On Diagonal Avenue near Glòries. Plans to TRIPLE staff from 15 to 45 in 3-4 years. €6M investment planned. ACCIÓ-Catalonia Trade & Investment supported.,High,"LinkedIn: coovally, info@coovally.com"
Huawei Technologies,https://www.huawei.com,Barcelona (22@ area),Telecom / 5G / AI / Digital Power,"1,000+ in Spain (Barcelona is key hub)","One of the largest Chinese presences in Barcelona. Rotating chairwoman Meng Wanzhou keynotes MWC Barcelona annually. Plans to hire 10,000+ graduates globally in 2025 (AI, 5G, cloud). IT Solution Sales Manager position open in Barcelona (hybrid). Strong expansion in digital power and cloud.",High,"LinkedIn: huawei, info@huawei.com"
BYD (Build Your Dreams),https://www.byd.com,Barcelona (showroom + expanding),EV / Automotive / Energy,Expanding rapidly in Spain,"World's largest EV maker. 3 flagship showrooms in Spain (Madrid, Barcelona, Valencia). Plans 2,000 European dealerships by 2026. Targeting FULL local production in Europe by 2028. Spain is main entry point. Need for expanded sales, service, and corporate office space.",High,"LinkedIn: byd-company, info@byd.com"
Xiaomi,https://www.mi.com,Barcelona (MWC hub + planning expansion),Consumer Electronics / EV,Expanding in Europe,Strong MWC Barcelona presence every year. SU7 EV displayed at MWC 2024. Planning 2027 Europe entry with German engineering center. Strategic goal: top-5 global automaker. Barcelona serves as Southern Europe hub for smartphones and upcoming EV expansion. Need for expanded office and retail space.,High,"LinkedIn: xiaomi, info@xiaomi.com"
ZTE Corporation,https://www.zte.com.cn,Barcelona (MWC hub),Telecom / 5G / AI,Large global (Barcelona presence expanding),"Major MWC Barcelona exhibitor every year. Presenting 5G-A, all-optical, AI, and green energy solutions. Deep integration of AI and connectivity. Barcelona serves as Southern European showcase and sales hub. Growing partner ecosystem.",Medium-High,"LinkedIn: zte-corporation, info@zte.com.cn"
Lenovo (China/HK),https://www.lenovo.com,Barcelona (Carrer Amigó 11),IT Hardware / Enterprise Solutions,60 (targeting 80),"Opened Barcelona sales centre in 2016 (1,000 m², two 500 m² floors). Largest of 4 European mid-market centres. Serves 13,000+ medium-sized companies in Southern Europe, Benelux. Plans to grow from 60 to 80 employees. 5% annual market share growth target. ACCIÓ supported.",Medium-High,"LinkedIn: lenovo, info@lenovo.com"
ByteDance / TikTok,https://www.bytedance.com,Barcelona (listed as global office city),Social Media / AI / E-commerce,"150,000+ global (Barcelona team growing)","150,000+ employees across 120 cities globally — Barcelona is explicitly listed. TikTok is dominant short-video platform. BytePlus enterprise division expanding rapidly. Global hiring spree targeting 40,000+ roles. Barcelona office supports Southern European operations. Need for expanded creative and tech talent space.",Medium-High,"LinkedIn: bytedance, info@bytedance.com"
Asia Digital Mojo,https://asiadigitalmojo.com,Barcelona (European HQ),Digital Marketing / China-Europe Bridge,8+ in Barcelona (40 global),"Chinese digital marketing agency opened European HQ in Barcelona (Dec 2020). Bridges Asian and European brands. Clients: Huawei, Line, Shangri-La Hotels. Offices in Hong Kong, Shanghai, Seoul, Mumbai, Mexico DF. 50% turnover increase. First agency of its kind in Catalan capital.",Medium,"LinkedIn: asia-digital-mojo, info@asiadigitalmojo.com"
SAIC Motor / MG Motor,https://www.mg-motor.com,Spain / Barcelona market,Automotive / EV,Expanding in Europe,"128% YoY growth in EU. One of the most successful Chinese car brands in Europe. Present in Spain with growing dealer network. Barcelona is key market. Need for expanded sales, marketing, and service infrastructure.",Medium,"LinkedIn: mg-motor, info@mg-motor.com"
NIO,https://nio.com,Europe / Spain entry planned,Premium EV / Battery Swapping,Expanding to Europe,"Premium Chinese EV maker with battery swapping technology. Planning European expansion. Spain is a target market. Need for showroom, service centre, and corporate office space in Barcelona as Southern Europe entry point.",Medium,"LinkedIn: nio, info@nio.com"
Alibaba Cloud,https://www.alibabacloud.com,Barcelona (MWC presence),Cloud Computing / AI,Expanding European presence,"Major MWC Barcelona exhibitor. Europe is key growth market. Competing with AWS, Azure, GCP. Barcelona serves as Southern European cloud hub. Growing partner and customer ecosystem. Need for expanded sales and technical support office.",Medium,"LinkedIn: alibaba-cloud, info@alibabacloud.com"
Lynk & Co (Geely),https://www.lynkco.com,Spain / Barcelona market,Automotive / EV / Mobility,Expanding in Europe,Geely-owned car brand present in Spain. Subscription-based mobility model. Part of Chinese EV wave entering Europe. Barcelona is a key urban market. Need for retail and corporate space.,Medium,LinkedIn: lynk-&-co
Lierda Technology,https://www.lierda.com,Barcelona (MWC exhibitor),IoT / 5G RedCap Modules,Growing European presence,Hangzhou-based IoT company. Showcased at MWC Barcelona 2025 (5G RedCap modules). Leading hub for tech innovation in Zhejiang Province. Expanding internationally with cutting-edge wireless solutions. Barcelona as European launch pad.,Medium,LinkedIn: lierda-technology
XPeng Motors,https://www.xpeng.com,Europe / Barcelona potential,Smart EV / Autonomous Driving,Expanding to Europe,"Chinese smart EV maker with advanced autonomous driving. Entering European market. Competing with Tesla, VW, BYD. Barcelona as potential Southern Europe hub. Need for showroom and corporate office.",Medium,LinkedIn: xpeng
Great Wall Motor (ORA),https://www.gwm-global.com,Spain / Barcelona market,Automotive / EV,Expanding in Europe,Chinese automaker entering European markets with ORA EV brand. Spain is key market. Growing dealer network. Need for expanded sales and marketing office in Barcelona.,Medium,LinkedIn: great-wall-motor
Technogym,https://www.technogym.com,Sant Quirze del Vallès (Barcelona province),Fitness Equipment / Connected Wellness,"2,000+ global (Vallès Occidental presence)","€25M loan secured (March 2024) for sports and wellness expansion — acquiring new low-environmental-impact production facilities. Zentrum became official Barcelona showroom partner (March 2026). Global HQ is Technogym Village (Cesena, Italy). Office already in Sant Quirze del Vallès — prime target for expansion within same comarca.",High,"LinkedIn: technogym, info@technogym.com, 934 51 67 77"
BioTechUSA Group,https://biotechusa.com,Hungary (HQ) — NEW Barcelona/Spain market entry,Sports Nutrition / Supplements,"1,800 global (expanding to Spain)","Became FC Barcelona's Global Partner in Sports Supplements (Sep 2024). Multi-year agreement. One of Europe's largest manufacturers — present in 100+ countries, 49 webshops, 322 franchise stores, 4,500 B2B partners. Works with 250+ professional athletes. This Barça partnership signals major Spain expansion requiring local office/distribution hub.",High,"LinkedIn: biotechusa-group, info@biotechusa.com"
Weider Global Nutrition (Spain),https://weider.es,"Alcorcón, Madrid (Spain office)",Sports Nutrition / Fitness Supplements,Expanding in Spain,Weider Spain joined ESSNA (European Sports Nutrition Alliance) in Sep 2024 — signaling reinvigorated European expansion. Pioneer brand present on 5 continents. Well-known in bodybuilding/fitness. Offices in Germany and Spain. Regulatory challenges in EU require stronger local presence — Barcelona is logical Southern European hub.,High,"LinkedIn: weider, +34 91 875 70 66"
Prozis,https://www.prozis.com,Portugal (HQ) — Barcelona/Spain expansion likely,Sports Nutrition / Supplements / Health Foods,"Hundreds, going to thousands","European sports nutrition powerhouse. Full vertical integration: idea, design, manufacturing, marketing, sales, logistics. Proprietary 4.0 technology. Hundreds of employees scaling to thousands. Active hiring across multiple platforms (Breezy HR, Glassdoor). No-compromise growth mindset. Barcelona is natural Southern European hub for Iberian expansion.",High,"LinkedIn: prozis, careers@prozis.com"
Myprotein (The Hut Group),https://www.myprotein.com,"Manchester, UK (HQ) — Barcelona event presence",Sports Nutrition / Protein Products,Major European team,#1 sports nutrition brand in Spain with double-digit market share. Hosted 'Move Club: Lift Barcelona' event (Feb 2026). Market leader in flavour innovation. Strong online penetration. Spain is a key growth market (€250M sports nutrition market growing 7.13% CAGR). Barcelona as Southern European commercial hub makes strategic sense.,Medium-High,"LinkedIn: myprotein, recruitment@thehutgroup.com"
Life Fitness,https://www.lifefitness.com,Europe / Spain market (Barcelona potential),Commercial Fitness Equipment,Major global (expanding Europe),"Top 5 global fitness equipment manufacturer. Key player in connected gym equipment market ($14.4B market growing 5.1% CAGR). Commercial cardio, strength, and digital solutions. Europe is key growth market. Barcelona as Southern European sales and service hub.",Medium-High,"LinkedIn: life-fitness, info@lifefitness.com"
Precor,https://www.precor.com,Europe / Spain market (Barcelona potential),Commercial Fitness Equipment,Expanding in Europe,Major commercial fitness equipment brand. Part of Peloton ecosystem. Connected cardio and strength equipment. European fitness equipment market growing at 19.2% CAGR (connected segment). Barcelona as hub for Southern European gyms and fitness centers.,Medium-High,"LinkedIn: precor, info@precor.com"
NordicTrack / iFIT (ICON Health & Fitness),https://www.nordictrack.com,Europe / Spain market,Connected Home Fitness Equipment,Expanding internationally,"Leading connected home fitness brand. Treadmills, bikes, rowers with iFIT interactive training. Home fitness equipment market growing 6.32% CAGR. European expansion accelerating. Barcelona as Southern European customer support and marketing hub.",Medium,"LinkedIn: icon-health-fitness, info@ifit.com"
Optimum Nutrition (Glanbia),https://www.optimumnutrition.com,Global / Spain market (Barcelona potential),Sports Nutrition / Protein Supplements,Major global presence,One of the most recognized sports nutrition brands globally. Leading player in Spain's €250M sports nutrition market (7.13% CAGR). Strong gym channel presence. Part of Glanbia Performance Nutrition. Barcelona as Southern European commercial and distribution office.,Medium,"LinkedIn: optimum-nutrition, info@optimumnutrition.com"
Scitec Nutrition,https://www.scitecnutrition.com,Europe / Spain market,Sports Nutrition / Bodybuilding Supplements,Expanding in Europe,Major European sports nutrition brand. Strong in bodybuilding and fitness communities. Competing in Spain's fast-growing market. Barcelona as entry point for Southern European expansion.,Medium,"LinkedIn: scitec-nutrition, info@scitecnutrition.com"
Gymshark,https://www.gymshark.com,"Solihull, UK (HQ) — Spain/Barcelona potential",Fitness Apparel / Athleisure,900+ global (growing),UK-based fitness apparel unicorn. €500M+ revenue. One of the fastest-growing fitness brands globally. Strong social media presence (6M+ Instagram followers). Spain is a major European fitness market. Barcelona as Southern European e-commerce and marketing hub.,Medium,"LinkedIn: gymshark, info@gymshark.com"
Rogue Fitness,https://www.roguefitness.com,"Columbus, Ohio (HQ) — Europe/Spain expansion",Strength & Conditioning Equipment,"1,400+ (growing internationally)","#1 strength equipment brand globally. Official supplier of CrossFit Games, Arnold Classic, USA Weightlifting. $500M+ revenue. European expansion accelerating. Barcelona as Southern European distribution and sales hub for gym and home fitness markets.",Medium,"LinkedIn: rogue-fitness, info@roguefitness.com"
Peloton,https://www.onepeloton.com,Global / Spain-Barcelona market entry potential,Connected Home Fitness / Equipment + Content,Global (expanding Europe),"Connected fitness pioneer. Bikes, treadmills, rowers with live/subscription content. $2.7B revenue. European market is key growth area. Spain's growing fitness culture and connected equipment trend (19.2% CAGR in Europe) make Barcelona an attractive hub.",Medium,"LinkedIn: peloton, press@onepeloton.com"
Barebells,https://barebells.com,Sweden (HQ) — Spain market entry,Sports Nutrition / Protein Bars & Snacks,Growing rapidly in Europe,Swedish protein bar/snack brand rapidly expanding across Europe. High-protein bars and shakes gaining traction in Spain. Part of the international entrants driving market fragmentation. Barcelona as Southern European distribution hub.,Medium,LinkedIn: barebells
Huel,https://www.huel.com,UK (HQ) — Barcelona/Spain expansion potential,Nutrition / Meal Replacement,"1,000+ (growing globally)",UK-based complete nutrition brand. $150M+ revenue. Available in 10+ countries. Strong in personalized nutrition. Plant-based and functional foods trend aligns with Barcelona's health-conscious market. Southern European expansion logical next step.,Medium,"LinkedIn: huel, info@huel.com"
Nutrisport (Zelnova Zeltia),https://www.nutrisport.es,Spain (HQ),Sports Nutrition / Spanish Market Leader,Major Spanish player,Top 5 company in Spain's sports nutrition market. NutrisportZero line — desserts and ready-to-drink formats appealing to mainstream consumers. Strong innovation pipeline. Spanish market growing 7.13% CAGR to €405M by 2032. Barcelona as commercial and marketing office for national expansion.,Medium-High,"LinkedIn: nutrisport, info@nutrisport.es"
